{
  "feature_columns": [
    "feature##backing_thickness",
    "feature##cover_adhesive_PA",
    "feature##cover_coating_weight",
    "feature##open_adhesive_PA",
    "feature##open_coating_weight"
  ],
  "coefficients": [
    0.0,
    -0.0,
    0.0,
    1.4033189314644805,
    1.3030355050455538
  ],
  "intercept": 7.041666666666667,
  "scaler_mean": [
    10.083333333333334,
    6.215,
    26895.833333333332,
    6.95,
    28895.833333333332
  ],
  "scaler_scale": [
    6.57594522145338,
    2.947554070750866,
    14008.91023499766,
    1.82208671582886,
    14047.522888593405
  ],
  "cv_folds": 5,
  "cv_train_mse_mean": 0.28368356085433444,
  "cv_train_mse_std": 0.0419481358708777,
  "cv_train_r2_mean": 0.9354925488230604,
  "cv_train_r2_std": 0.014785165880243504,
  "cv_val_mse_mean": 0.4122133051292193,
  "cv_val_mse_std": 0.25712532174361463,
  "cv_val_r2_mean": 0.8632499638973845,
  "cv_val_r2_std": 0.11076431987127242,
  "fold_train_mse": [
    0.21528695360570982,
    0.28944454063881025,
    0.3218968517697186,
    0.26177387861049267,
    0.3300155796469409
  ],
  "fold_train_r2": [
    0.959283791280244,
    0.926286164773732,
    0.9409451991389675,
    0.9151844151743521,
    0.9357631737480061
  ],
  "fold_val_mse": [
    0.5454129443816008,
    0.4367055218662074,
    0.11870116265757413,
    0.8094046275643488,
    0.15084226917636515
  ],
  "fold_val_r2": [
    0.6461548747929784,
    0.939057259420927,
    0.8759221296262291,
    0.9233699760885824,
    0.9317455795582058
  ],
  "final_model_train_mse": 0.3264690116510665,
  "final_model_train_r2": 0.8953322104469474,
  "final_model_test_mse": 0.45028819555918,
  "final_model_test_r2": 0.9557589174964372,
  "n_features": 5,
  "n_samples": 30,
  "n_train_samples": 24,
  "n_test_samples": 6
}